{
  "timestamp": 1783758221.916459,
  "quality_signal": 0.4074758346022683,
  "coupling_score": 0.19298245614035087,
  "cycle_count": 3,
  "god_file_count": 2,
  "hotspot_count": 1,
  "complex_fn_count": 148,
  "max_depth": 32,
  "total_import_edges": 1083,
  "cross_module_edges": 323
}
