{
  "timestamp": 1778144603.056723,
  "quality_signal": 0.5630768642555932,
  "coupling_score": 0.2016348773841962,
  "cycle_count": 0,
  "god_file_count": 0,
  "hotspot_count": 1,
  "complex_fn_count": 90,
  "max_depth": 23,
  "total_import_edges": 734,
  "cross_module_edges": 259
}